week,spend_search_ads,spend_social_ads,spend_display_ads,spend_tv,spend_email,revenue
2024-09-01,10030.0,9729.0,5337.0,11448.0,7355.0,126686.0
2024-09-08,8769.0,6441.0,5298.0,6509.0,9921.0,144600.0
2024-09-15,10085.0,3971.0,7798.0,5916.0,6613.0,132409.0
2024-09-22,4220.0,5086.0,10884.0,6537.0,5770.0,120622.0
2024-09-29,9924.0,9276.0,6147.0,10689.0,9217.0,149468.0
2024-10-06,13903.0,8525.0,9157.0,12684.0,12212.0,172832.0
2024-10-13,8203.0,11065.0,14351.0,10871.0,9854.0,156198.0
2024-10-20,4935.0,7548.0,9239.0,5249.0,10340.0,153760.0
2024-10-27,14559.0,10479.0,6798.0,7972.0,8219.0,160177.0
2024-11-03,11543.0,8107.0,13404.0,9382.0,11295.0,170416.0
2024-11-10,6134.0,12736.0,14321.0,7009.0,12643.0,167339.0
2024-11-17,11711.0,3959.0,12578.0,14767.0,4799.0,142841.0
2024-11-24,15506.0,10784.0,7703.0,12166.0,15327.0,188599.0
2024-12-01,6349.0,10771.0,9753.0,12104.0,8957.0,159128.0
2024-12-08,13839.0,4564.0,7633.0,6779.0,9232.0,164621.0
2024-12-15,11949.0,12710.0,14541.0,10004.0,9588.0,168304.0
2024-12-22,6358.0,11087.0,3941.0,6482.0,12211.0,167788.0
2024-12-29,5852.0,14498.0,13640.0,7407.0,9085.0,154683.0
2025-01-05,14292.0,5778.0,6602.0,12321.0,10431.0,165701.0
2025-01-12,7326.0,8245.0,5219.0,6340.0,6863.0,143921.0
2025-01-19,8224.0,12721.0,12452.0,10785.0,6234.0,145515.0
2025-01-26,10224.0,13202.0,11628.0,5940.0,8748.0,160289.0
2025-02-02,7760.0,10217.0,3746.0,11300.0,4544.0,135036.0
2025-02-09,3240.0,6663.0,6101.0,4792.0,3692.0,116900.0
2025-02-16,5568.0,10105.0,4010.0,11418.0,9791.0,142963.0
2025-02-23,7286.0,7124.0,9772.0,3484.0,4326.0,123109.0
2025-03-02,9532.0,7558.0,10775.0,4761.0,8337.0,145120.0
2025-03-09,7871.0,8464.0,5232.0,8295.0,10501.0,152934.0
2025-03-16,6149.0,10174.0,5550.0,5577.0,9396.0,145177.0
2025-03-23,4061.0,2650.0,2838.0,3845.0,3407.0,109098.0
2025-03-30,8337.0,7704.0,3235.0,3605.0,5961.0,121950.0
2025-04-06,3743.0,8976.0,2858.0,6159.0,6362.0,122082.0
2025-04-13,7354.0,4923.0,7357.0,4459.0,4722.0,121587.0
2025-04-20,5610.0,3850.0,3652.0,8348.0,4734.0,114082.0
2025-04-27,5830.0,5946.0,5263.0,7112.0,8495.0,131576.0
2025-05-04,4628.0,2345.0,3897.0,5312.0,3168.0,104814.0
2025-05-11,3411.0,7240.0,5426.0,6267.0,7521.0,119178.0
2025-05-18,3175.0,5184.0,5603.0,3516.0,7036.0,118465.0
2025-05-25,6143.0,6283.0,4286.0,4818.0,3260.0,106538.0
2025-06-01,3861.0,7051.0,3781.0,7228.0,4456.0,114754.0
2025-06-08,2228.0,2263.0,7958.0,7923.0,5504.0,108470.0
2025-06-15,3433.0,3414.0,8279.0,3145.0,8076.0,118070.0
2025-06-22,8381.0,5017.0,5349.0,4367.0,2230.0,104054.0
2025-06-29,7181.0,6481.0,5024.0,7606.0,8442.0,135807.0
2025-07-06,6482.0,4966.0,6042.0,4398.0,2766.0,111180.0
2025-07-13,5401.0,4494.0,6430.0,4936.0,4648.0,114385.0
2025-07-20,8781.0,2735.0,9847.0,3289.0,2568.0,107198.0
2025-07-27,4729.0,6031.0,6080.0,9272.0,10327.0,136997.0
2025-08-03,7969.0,10496.0,5580.0,3658.0,10680.0,148510.0
2025-08-10,2961.0,3115.0,11004.0,8645.0,6577.0,127184.0
2025-08-17,8723.0,8317.0,8750.0,3791.0,9294.0,144684.0
2025-08-24,12076.0,4970.0,4323.0,5526.0,3550.0,131815.0
2025-08-31,9980.0,12503.0,8435.0,12063.0,8505.0,153118.0
2025-09-07,4062.0,11292.0,11410.0,4492.0,6752.0,137702.0
2025-09-14,9447.0,5611.0,9173.0,11417.0,9038.0,153967.0
2025-09-21,6830.0,13706.0,6273.0,5783.0,6729.0,139942.0
2025-09-28,13500.0,6944.0,7501.0,12453.0,10758.0,166251.0
2025-10-05,3871.0,11277.0,11709.0,7342.0,8953.0,150719.0
2025-10-12,3874.0,6678.0,9987.0,9791.0,9271.0,148342.0
2025-10-19,4895.0,7128.0,3982.0,13070.0,9395.0,148592.0
2025-10-26,7757.0,4580.0,7547.0,4879.0,7875.0,144803.0
2025-11-02,14138.0,7295.0,12486.0,8289.0,9804.0,162478.0
2025-11-09,10493.0,8689.0,4612.0,14454.0,12289.0,172980.0
2025-11-16,11649.0,4217.0,8604.0,6995.0,11301.0,167943.0
2025-11-23,4408.0,4027.0,10405.0,10518.0,5463.0,136230.0
2025-11-30,5895.0,3988.0,7378.0,14438.0,11536.0,153784.0
2025-12-07,8205.0,13944.0,11714.0,11927.0,6116.0,148768.0
2025-12-14,10901.0,8486.0,4518.0,14181.0,11137.0,172543.0
2025-12-21,12102.0,13943.0,14149.0,9901.0,11976.0,181904.0
2025-12-28,9931.0,8892.0,11917.0,10983.0,10675.0,174277.0
2026-01-04,6549.0,9537.0,12925.0,4251.0,12014.0,169278.0
2026-01-11,5339.0,7342.0,8906.0,13290.0,7724.0,147886.0
2026-01-18,7634.0,11261.0,8078.0,7624.0,13391.0,172002.0
2026-01-25,5773.0,6628.0,6290.0,8506.0,11949.0,162567.0
2026-02-01,10353.0,10806.0,4109.0,8196.0,8180.0,155794.0
2026-02-08,11202.0,6621.0,7768.0,5915.0,5811.0,144877.0
2026-02-15,10007.0,4051.0,5658.0,11363.0,11161.0,164672.0
2026-02-22,3845.0,6354.0,10137.0,8384.0,7703.0,138479.0
2026-03-01,9118.0,2950.0,4047.0,7029.0,3897.0,125275.0
2026-03-08,2727.0,5639.0,2930.0,3804.0,5819.0,119680.0
2026-03-15,3529.0,5425.0,8449.0,8017.0,3402.0,106597.0
2026-03-22,7508.0,7557.0,9538.0,7074.0,5970.0,132127.0
2026-03-29,4600.0,9347.0,5369.0,8990.0,4184.0,121635.0
2026-04-05,7895.0,3326.0,8193.0,6145.0,3319.0,115730.0
2026-04-12,6769.0,6245.0,6969.0,4390.0,7239.0,132148.0
2026-04-19,6312.0,7589.0,7260.0,6219.0,4190.0,119362.0
2026-04-26,5959.0,6479.0,5888.0,3074.0,8231.0,136136.0
2026-05-03,7877.0,3582.0,5308.0,3542.0,6466.0,132841.0
2026-05-10,7343.0,4745.0,6067.0,5715.0,4531.0,123350.0
2026-05-17,2293.0,8006.0,7145.0,6179.0,3956.0,108641.0
2026-05-24,8418.0,5452.0,8198.0,8298.0,3031.0,112748.0
2026-05-31,4964.0,6553.0,7943.0,2405.0,4446.0,118452.0
2026-06-07,4173.0,4261.0,7077.0,8027.0,5890.0,123399.0
2026-06-14,8200.0,7675.0,8614.0,5040.0,2371.0,114952.0
2026-06-21,8807.0,6298.0,2533.0,2562.0,6371.0,133373.0
2026-06-28,8051.0,8153.0,2504.0,5317.0,3973.0,120658.0
2026-07-05,7953.0,4633.0,4439.0,7038.0,3766.0,119874.0
2026-07-12,2697.0,4438.0,2668.0,5509.0,3818.0,109652.0
2026-07-19,4977.0,4195.0,7289.0,5584.0,5082.0,116593.0
2026-07-26,9721.0,7880.0,4507.0,9750.0,7996.0,142047.0
2026-08-02,11747.0,3637.0,10678.0,6689.0,5223.0,138773.0
2026-08-09,5624.0,6218.0,3933.0,11825.0,9203.0,143647.0
2026-08-16,10388.0,9471.0,10501.0,5621.0,7883.0,149579.0
2026-08-23,4383.0,6001.0,3867.0,4240.0,6756.0,136164.0
